LOTO_Test_Video,Fold_Number,Val_Accuracy_Percent
1,1,93.8
1,2,95.35
1,3,93.02
1,4,97.67
1,5,94.57
1,6,96.9
1,7,95.35
1,8,94.57
1,9,92.97
1,10,92.97
2,1,93.98
2,2,94.74
2,3,94.74
2,4,93.23
2,5,95.49
2,6,97.74
2,7,96.99
2,8,91.67
2,9,93.18
2,10,94.7
3,1,93.7
3,2,93.7
3,3,89.68
3,4,96.83
3,5,94.44
3,6,96.83
3,7,96.83
3,8,92.06
3,9,94.44
3,10,95.24
4,1,94.66
4,2,96.15
4,3,95.38
4,4,90.77
4,5,93.85
4,6,97.69
4,7,93.08
4,8,93.08
4,9,92.31
4,10,96.15
5,1,95.24
5,2,94.44
5,3,94.44
5,4,95.24
5,5,94.44
5,6,96.03
5,7,96.83
5,8,92.86
5,9,92.0
5,10,95.2
6,1,95.45
6,2,96.97
6,3,87.12
6,4,93.94
6,5,96.21
6,6,98.48
6,7,93.94
6,8,93.94
6,9,95.42
6,10,95.42
7,1,95.31
7,2,92.97
7,3,95.28
7,4,92.91
7,5,93.7
7,6,92.91
7,7,97.64
7,8,95.28
7,9,95.28
7,10,96.06
8,1,93.89
8,2,96.18
8,3,92.37
8,4,93.89
8,5,98.47
8,6,96.18
8,7,96.95
8,8,92.37
8,9,94.62
8,10,93.85
9,1,95.12
9,2,93.5
9,3,93.5
9,4,95.93
9,5,91.87
9,6,97.56
9,7,96.75
9,8,96.75
9,9,96.72
9,10,94.26
10,1,95.45
10,2,97.73
10,3,93.18
10,4,94.7
10,5,96.97
10,6,96.97
10,7,90.15
10,8,91.67
10,9,95.42
10,10,97.71
11,1,99.24
11,2,92.42
11,3,93.94
11,4,90.91
11,5,94.7
11,6,97.73
11,7,96.95
11,8,92.37
11,9,95.42
11,10,92.37
12,1,96.92
12,2,94.62
12,3,94.62
12,4,91.47
12,5,93.8
12,6,92.25
12,7,94.57
12,8,93.8
12,9,94.57
12,10,96.9
13,1,93.75
13,2,94.49
13,3,91.34
13,4,91.34
13,5,92.91
13,6,92.91
13,7,96.85
13,8,92.91
13,9,92.13
13,10,95.28
14,1,96.21
14,2,94.7
14,3,94.7
14,4,96.21
14,5,94.7
14,6,93.94
14,7,92.42
14,8,95.45
14,9,94.7
14,10,94.7
15,1,96.12
15,2,95.35
15,3,90.62
15,4,93.75
15,5,96.09
15,6,92.97
15,7,95.31
15,8,96.09
15,9,94.53
15,10,93.75
16,1,94.66
16,2,98.47
16,3,93.89
16,4,90.84
16,5,95.42
16,6,95.42
16,7,93.89
16,8,93.13
16,9,95.38
16,10,93.08
