Video_ID,Second,True_Class,True_Emotion,Predicted_Class_Offline,Predicted_Emotion_Offline
1,1,1,HALV,2,LAHV
1,2,1,HALV,2,LAHV
1,3,1,HALV,1,HALV
1,4,1,HALV,3,LALV
1,5,1,HALV,2,LAHV
1,6,1,HALV,1,HALV
1,7,1,HALV,2,LAHV
1,8,1,HALV,2,LAHV
1,9,1,HALV,2,LAHV
1,10,1,HALV,2,LAHV
1,11,1,HALV,2,LAHV
1,12,1,HALV,1,HALV
1,13,1,HALV,2,LAHV
1,14,1,HALV,2,LAHV
1,15,1,HALV,2,LAHV
1,16,1,HALV,1,HALV
1,17,1,HALV,1,HALV
1,18,1,HALV,2,LAHV
1,19,1,HALV,2,LAHV
1,20,1,HALV,2,LAHV
1,21,1,HALV,2,LAHV
1,22,1,HALV,0,HAHV
1,23,1,HALV,0,HAHV
1,24,1,HALV,3,LALV
1,25,1,HALV,2,LAHV
1,26,1,HALV,2,LAHV
1,27,1,HALV,2,LAHV
1,28,1,HALV,0,HAHV
1,29,1,HALV,0,HAHV
1,30,1,HALV,2,LAHV
1,31,1,HALV,2,LAHV
1,32,1,HALV,2,LAHV
1,33,1,HALV,2,LAHV
1,34,1,HALV,2,LAHV
1,35,1,HALV,2,LAHV
1,36,1,HALV,2,LAHV
1,37,1,HALV,2,LAHV
1,38,1,HALV,2,LAHV
1,39,1,HALV,2,LAHV
1,40,1,HALV,2,LAHV
1,41,1,HALV,2,LAHV
1,42,1,HALV,2,LAHV
1,43,1,HALV,2,LAHV
1,44,1,HALV,2,LAHV
1,45,1,HALV,2,LAHV
1,46,1,HALV,3,LALV
1,47,1,HALV,2,LAHV
1,48,1,HALV,2,LAHV
1,49,1,HALV,2,LAHV
1,50,1,HALV,2,LAHV
1,51,1,HALV,3,LALV
1,52,1,HALV,2,LAHV
1,53,1,HALV,2,LAHV
1,54,1,HALV,2,LAHV
1,55,1,HALV,2,LAHV
1,56,1,HALV,2,LAHV
1,57,1,HALV,2,LAHV
1,58,1,HALV,2,LAHV
1,59,1,HALV,2,LAHV
1,60,1,HALV,2,LAHV
1,61,1,HALV,2,LAHV
1,62,1,HALV,2,LAHV
1,63,1,HALV,2,LAHV
1,64,1,HALV,2,LAHV
1,65,1,HALV,2,LAHV
1,66,1,HALV,2,LAHV
1,67,1,HALV,2,LAHV
1,68,1,HALV,2,LAHV
1,69,1,HALV,2,LAHV
1,70,1,HALV,2,LAHV
1,71,1,HALV,2,LAHV
1,72,1,HALV,2,LAHV
1,73,1,HALV,2,LAHV
1,74,1,HALV,2,LAHV
1,75,1,HALV,2,LAHV
1,76,1,HALV,2,LAHV
1,77,1,HALV,2,LAHV
1,78,1,HALV,2,LAHV
1,79,1,HALV,2,LAHV
1,80,1,HALV,2,LAHV
1,81,1,HALV,2,LAHV
1,82,1,HALV,2,LAHV
1,83,1,HALV,2,LAHV
1,84,1,HALV,2,LAHV
1,85,1,HALV,2,LAHV
1,86,1,HALV,2,LAHV
1,87,1,HALV,2,LAHV
1,88,1,HALV,2,LAHV
1,89,1,HALV,2,LAHV
1,90,1,HALV,2,LAHV
2,1,1,HALV,1,HALV
2,2,1,HALV,1,HALV
2,3,1,HALV,1,HALV
2,4,1,HALV,1,HALV
2,5,1,HALV,1,HALV
2,6,1,HALV,1,HALV
2,7,1,HALV,1,HALV
2,8,1,HALV,0,HAHV
2,9,1,HALV,1,HALV
2,10,1,HALV,1,HALV
2,11,1,HALV,2,LAHV
2,12,1,HALV,2,LAHV
2,13,1,HALV,2,LAHV
2,14,1,HALV,1,HALV
2,15,1,HALV,2,LAHV
2,16,1,HALV,1,HALV
2,17,1,HALV,1,HALV
2,18,1,HALV,1,HALV
2,19,1,HALV,1,HALV
2,20,1,HALV,1,HALV
2,21,1,HALV,1,HALV
2,22,1,HALV,1,HALV
2,23,1,HALV,1,HALV
2,24,1,HALV,1,HALV
2,25,1,HALV,1,HALV
2,26,1,HALV,1,HALV
2,27,1,HALV,1,HALV
2,28,1,HALV,1,HALV
2,29,1,HALV,1,HALV
2,30,1,HALV,1,HALV
2,31,1,HALV,1,HALV
2,32,1,HALV,1,HALV
2,33,1,HALV,1,HALV
2,34,1,HALV,1,HALV
2,35,1,HALV,1,HALV
2,36,1,HALV,1,HALV
2,37,1,HALV,1,HALV
2,38,1,HALV,1,HALV
2,39,1,HALV,1,HALV
2,40,1,HALV,1,HALV
2,41,1,HALV,1,HALV
2,42,1,HALV,1,HALV
2,43,1,HALV,1,HALV
2,44,1,HALV,1,HALV
2,45,1,HALV,1,HALV
2,46,1,HALV,2,LAHV
2,47,1,HALV,2,LAHV
2,48,1,HALV,2,LAHV
2,49,1,HALV,2,LAHV
2,50,1,HALV,2,LAHV
2,51,1,HALV,0,HAHV
3,1,2,LAHV,2,LAHV
3,2,2,LAHV,1,HALV
3,3,2,LAHV,2,LAHV
3,4,2,LAHV,3,LALV
3,5,2,LAHV,2,LAHV
3,6,2,LAHV,2,LAHV
3,7,2,LAHV,2,LAHV
3,8,2,LAHV,2,LAHV
3,9,2,LAHV,2,LAHV
3,10,2,LAHV,1,HALV
3,11,2,LAHV,2,LAHV
3,12,2,LAHV,2,LAHV
3,13,2,LAHV,2,LAHV
3,14,2,LAHV,2,LAHV
3,15,2,LAHV,2,LAHV
3,16,2,LAHV,2,LAHV
3,17,2,LAHV,2,LAHV
3,18,2,LAHV,2,LAHV
3,19,2,LAHV,2,LAHV
3,20,2,LAHV,2,LAHV
3,21,2,LAHV,2,LAHV
3,22,2,LAHV,2,LAHV
3,23,2,LAHV,2,LAHV
3,24,2,LAHV,2,LAHV
3,25,2,LAHV,2,LAHV
3,26,2,LAHV,2,LAHV
3,27,2,LAHV,2,LAHV
3,28,2,LAHV,2,LAHV
3,29,2,LAHV,2,LAHV
3,30,2,LAHV,2,LAHV
3,31,2,LAHV,2,LAHV
3,32,2,LAHV,2,LAHV
3,33,2,LAHV,2,LAHV
3,34,2,LAHV,2,LAHV
3,35,2,LAHV,2,LAHV
3,36,2,LAHV,3,LALV
3,37,2,LAHV,1,HALV
3,38,2,LAHV,2,LAHV
3,39,2,LAHV,2,LAHV
3,40,2,LAHV,1,HALV
3,41,2,LAHV,2,LAHV
3,42,2,LAHV,2,LAHV
3,43,2,LAHV,3,LALV
3,44,2,LAHV,2,LAHV
3,45,2,LAHV,2,LAHV
3,46,2,LAHV,2,LAHV
3,47,2,LAHV,2,LAHV
3,48,2,LAHV,2,LAHV
3,49,2,LAHV,1,HALV
3,50,2,LAHV,2,LAHV
3,51,2,LAHV,2,LAHV
3,52,2,LAHV,2,LAHV
3,53,2,LAHV,1,HALV
3,54,2,LAHV,2,LAHV
3,55,2,LAHV,2,LAHV
3,56,2,LAHV,2,LAHV
3,57,2,LAHV,2,LAHV
3,58,2,LAHV,2,LAHV
3,59,2,LAHV,2,LAHV
3,60,2,LAHV,2,LAHV
3,61,2,LAHV,2,LAHV
3,62,2,LAHV,2,LAHV
3,63,2,LAHV,2,LAHV
3,64,2,LAHV,2,LAHV
3,65,2,LAHV,2,LAHV
3,66,2,LAHV,1,HALV
3,67,2,LAHV,2,LAHV
3,68,2,LAHV,2,LAHV
3,69,2,LAHV,2,LAHV
3,70,2,LAHV,2,LAHV
3,71,2,LAHV,2,LAHV
3,72,2,LAHV,2,LAHV
3,73,2,LAHV,2,LAHV
3,74,2,LAHV,2,LAHV
3,75,2,LAHV,2,LAHV
3,76,2,LAHV,0,HAHV
3,77,2,LAHV,2,LAHV
3,78,2,LAHV,3,LALV
3,79,2,LAHV,2,LAHV
3,80,2,LAHV,2,LAHV
3,81,2,LAHV,2,LAHV
3,82,2,LAHV,1,HALV
3,83,2,LAHV,2,LAHV
3,84,2,LAHV,2,LAHV
3,85,2,LAHV,1,HALV
3,86,2,LAHV,2,LAHV
3,87,2,LAHV,1,HALV
3,88,2,LAHV,3,LALV
3,89,2,LAHV,2,LAHV
3,90,2,LAHV,2,LAHV
3,91,2,LAHV,2,LAHV
3,92,2,LAHV,2,LAHV
3,93,2,LAHV,2,LAHV
3,94,2,LAHV,2,LAHV
3,95,2,LAHV,2,LAHV
3,96,2,LAHV,2,LAHV
3,97,2,LAHV,2,LAHV
3,98,2,LAHV,2,LAHV
3,99,2,LAHV,1,HALV
3,100,2,LAHV,2,LAHV
3,101,2,LAHV,2,LAHV
3,102,2,LAHV,2,LAHV
3,103,2,LAHV,2,LAHV
3,104,2,LAHV,3,LALV
3,105,2,LAHV,2,LAHV
3,106,2,LAHV,2,LAHV
3,107,2,LAHV,2,LAHV
3,108,2,LAHV,2,LAHV
3,109,2,LAHV,2,LAHV
3,110,2,LAHV,2,LAHV
3,111,2,LAHV,2,LAHV
3,112,2,LAHV,2,LAHV
3,113,2,LAHV,2,LAHV
3,114,2,LAHV,2,LAHV
3,115,2,LAHV,2,LAHV
3,116,2,LAHV,2,LAHV
4,1,1,HALV,1,HALV
4,2,1,HALV,1,HALV
4,3,1,HALV,1,HALV
4,4,1,HALV,3,LALV
4,5,1,HALV,0,HAHV
4,6,1,HALV,3,LALV
4,7,1,HALV,0,HAHV
4,8,1,HALV,1,HALV
4,9,1,HALV,2,LAHV
4,10,1,HALV,1,HALV
4,11,1,HALV,2,LAHV
4,12,1,HALV,2,LAHV
4,13,1,HALV,2,LAHV
4,14,1,HALV,2,LAHV
4,15,1,HALV,2,LAHV
4,16,1,HALV,2,LAHV
4,17,1,HALV,2,LAHV
4,18,1,HALV,2,LAHV
4,19,1,HALV,2,LAHV
4,20,1,HALV,2,LAHV
4,21,1,HALV,2,LAHV
4,22,1,HALV,2,LAHV
4,23,1,HALV,2,LAHV
4,24,1,HALV,2,LAHV
4,25,1,HALV,2,LAHV
4,26,1,HALV,1,HALV
4,27,1,HALV,0,HAHV
4,28,1,HALV,1,HALV
4,29,1,HALV,0,HAHV
4,30,1,HALV,3,LALV
4,31,1,HALV,1,HALV
4,32,1,HALV,1,HALV
4,33,1,HALV,0,HAHV
4,34,1,HALV,3,LALV
4,35,1,HALV,2,LAHV
4,36,1,HALV,0,HAHV
4,37,1,HALV,2,LAHV
4,38,1,HALV,2,LAHV
4,39,1,HALV,3,LALV
4,40,1,HALV,2,LAHV
4,41,1,HALV,1,HALV
4,42,1,HALV,2,LAHV
4,43,1,HALV,2,LAHV
4,44,1,HALV,2,LAHV
4,45,1,HALV,2,LAHV
4,46,1,HALV,1,HALV
4,47,1,HALV,1,HALV
4,48,1,HALV,1,HALV
4,49,1,HALV,3,LALV
4,50,1,HALV,1,HALV
4,51,1,HALV,2,LAHV
4,52,1,HALV,2,LAHV
4,53,1,HALV,2,LAHV
4,54,1,HALV,2,LAHV
4,55,1,HALV,0,HAHV
4,56,1,HALV,0,HAHV
4,57,1,HALV,2,LAHV
4,58,1,HALV,0,HAHV
4,59,1,HALV,0,HAHV
4,60,1,HALV,3,LALV
4,61,1,HALV,1,HALV
4,62,1,HALV,1,HALV
4,63,1,HALV,0,HAHV
4,64,1,HALV,3,LALV
4,65,1,HALV,1,HALV
4,66,1,HALV,0,HAHV
4,67,1,HALV,0,HAHV
4,68,1,HALV,0,HAHV
4,69,1,HALV,0,HAHV
4,70,1,HALV,1,HALV
4,71,1,HALV,0,HAHV
4,72,1,HALV,2,LAHV
4,73,1,HALV,2,LAHV
4,74,1,HALV,2,LAHV
4,75,1,HALV,2,LAHV
4,76,1,HALV,3,LALV
4,77,1,HALV,1,HALV
5,1,2,LAHV,1,HALV
5,2,2,LAHV,1,HALV
5,3,2,LAHV,1,HALV
5,4,2,LAHV,2,LAHV
5,5,2,LAHV,2,LAHV
5,6,2,LAHV,2,LAHV
5,7,2,LAHV,2,LAHV
5,8,2,LAHV,2,LAHV
5,9,2,LAHV,2,LAHV
5,10,2,LAHV,2,LAHV
5,11,2,LAHV,2,LAHV
5,12,2,LAHV,2,LAHV
5,13,2,LAHV,1,HALV
5,14,2,LAHV,1,HALV
5,15,2,LAHV,1,HALV
5,16,2,LAHV,1,HALV
5,17,2,LAHV,2,LAHV
5,18,2,LAHV,2,LAHV
5,19,2,LAHV,1,HALV
5,20,2,LAHV,2,LAHV
5,21,2,LAHV,2,LAHV
5,22,2,LAHV,2,LAHV
5,23,2,LAHV,2,LAHV
5,24,2,LAHV,2,LAHV
5,25,2,LAHV,3,LALV
5,26,2,LAHV,1,HALV
5,27,2,LAHV,1,HALV
5,28,2,LAHV,2,LAHV
5,29,2,LAHV,1,HALV
5,30,2,LAHV,1,HALV
5,31,2,LAHV,1,HALV
5,32,2,LAHV,1,HALV
5,33,2,LAHV,3,LALV
5,34,2,LAHV,0,HAHV
5,35,2,LAHV,1,HALV
5,36,2,LAHV,2,LAHV
5,37,2,LAHV,2,LAHV
5,38,2,LAHV,3,LALV
5,39,2,LAHV,2,LAHV
5,40,2,LAHV,2,LAHV
5,41,2,LAHV,1,HALV
5,42,2,LAHV,2,LAHV
5,43,2,LAHV,1,HALV
5,44,2,LAHV,2,LAHV
5,45,2,LAHV,1,HALV
5,46,2,LAHV,2,LAHV
5,47,2,LAHV,2,LAHV
5,48,2,LAHV,2,LAHV
5,49,2,LAHV,1,HALV
5,50,2,LAHV,2,LAHV
5,51,2,LAHV,2,LAHV
5,52,2,LAHV,2,LAHV
5,53,2,LAHV,2,LAHV
5,54,2,LAHV,1,HALV
5,55,2,LAHV,2,LAHV
5,56,2,LAHV,2,LAHV
5,57,2,LAHV,2,LAHV
5,58,2,LAHV,2,LAHV
5,59,2,LAHV,2,LAHV
5,60,2,LAHV,1,HALV
5,61,2,LAHV,2,LAHV
5,62,2,LAHV,1,HALV
5,63,2,LAHV,2,LAHV
5,64,2,LAHV,2,LAHV
5,65,2,LAHV,2,LAHV
5,66,2,LAHV,2,LAHV
5,67,2,LAHV,2,LAHV
5,68,2,LAHV,2,LAHV
5,69,2,LAHV,2,LAHV
5,70,2,LAHV,2,LAHV
5,71,2,LAHV,2,LAHV
5,72,2,LAHV,2,LAHV
5,73,2,LAHV,2,LAHV
5,74,2,LAHV,1,HALV
5,75,2,LAHV,2,LAHV
5,76,2,LAHV,1,HALV
5,77,2,LAHV,1,HALV
5,78,2,LAHV,2,LAHV
5,79,2,LAHV,1,HALV
5,80,2,LAHV,2,LAHV
5,81,2,LAHV,2,LAHV
5,82,2,LAHV,1,HALV
5,83,2,LAHV,1,HALV
5,84,2,LAHV,2,LAHV
5,85,2,LAHV,2,LAHV
5,86,2,LAHV,2,LAHV
5,87,2,LAHV,2,LAHV
5,88,2,LAHV,2,LAHV
5,89,2,LAHV,2,LAHV
5,90,2,LAHV,1,HALV
5,91,2,LAHV,2,LAHV
5,92,2,LAHV,2,LAHV
5,93,2,LAHV,2,LAHV
5,94,2,LAHV,2,LAHV
5,95,2,LAHV,2,LAHV
5,96,2,LAHV,2,LAHV
5,97,2,LAHV,2,LAHV
5,98,2,LAHV,2,LAHV
5,99,2,LAHV,1,HALV
5,100,2,LAHV,2,LAHV
5,101,2,LAHV,1,HALV
5,102,2,LAHV,1,HALV
5,103,2,LAHV,2,LAHV
5,104,2,LAHV,1,HALV
5,105,2,LAHV,2,LAHV
5,106,2,LAHV,2,LAHV
5,107,2,LAHV,2,LAHV
5,108,2,LAHV,2,LAHV
5,109,2,LAHV,2,LAHV
5,110,2,LAHV,1,HALV
5,111,2,LAHV,2,LAHV
5,112,2,LAHV,2,LAHV
5,113,2,LAHV,1,HALV
5,114,2,LAHV,2,LAHV
5,115,2,LAHV,2,LAHV
5,116,2,LAHV,1,HALV
5,117,2,LAHV,2,LAHV
5,118,2,LAHV,1,HALV
5,119,2,LAHV,1,HALV
5,120,2,LAHV,1,HALV
6,1,2,LAHV,0,HAHV
6,2,2,LAHV,1,HALV
6,3,2,LAHV,2,LAHV
6,4,2,LAHV,1,HALV
6,5,2,LAHV,2,LAHV
6,6,2,LAHV,2,LAHV
6,7,2,LAHV,2,LAHV
6,8,2,LAHV,2,LAHV
6,9,2,LAHV,2,LAHV
6,10,2,LAHV,2,LAHV
6,11,2,LAHV,1,HALV
6,12,2,LAHV,2,LAHV
6,13,2,LAHV,1,HALV
6,14,2,LAHV,1,HALV
6,15,2,LAHV,2,LAHV
6,16,2,LAHV,1,HALV
6,17,2,LAHV,2,LAHV
6,18,2,LAHV,2,LAHV
6,19,2,LAHV,2,LAHV
6,20,2,LAHV,2,LAHV
6,21,2,LAHV,2,LAHV
6,22,2,LAHV,2,LAHV
6,23,2,LAHV,1,HALV
6,24,2,LAHV,2,LAHV
6,25,2,LAHV,2,LAHV
6,26,2,LAHV,2,LAHV
6,27,2,LAHV,2,LAHV
6,28,2,LAHV,2,LAHV
6,29,2,LAHV,2,LAHV
6,30,2,LAHV,2,LAHV
6,31,2,LAHV,2,LAHV
6,32,2,LAHV,2,LAHV
6,33,2,LAHV,2,LAHV
6,34,2,LAHV,2,LAHV
6,35,2,LAHV,2,LAHV
6,36,2,LAHV,2,LAHV
6,37,2,LAHV,2,LAHV
6,38,2,LAHV,2,LAHV
6,39,2,LAHV,2,LAHV
6,40,2,LAHV,1,HALV
6,41,2,LAHV,2,LAHV
6,42,2,LAHV,2,LAHV
6,43,2,LAHV,2,LAHV
6,44,2,LAHV,2,LAHV
6,45,2,LAHV,2,LAHV
6,46,2,LAHV,2,LAHV
6,47,2,LAHV,1,HALV
6,48,2,LAHV,2,LAHV
6,49,2,LAHV,2,LAHV
6,50,2,LAHV,2,LAHV
6,51,2,LAHV,2,LAHV
6,52,2,LAHV,2,LAHV
6,53,2,LAHV,2,LAHV
6,54,2,LAHV,2,LAHV
6,55,2,LAHV,2,LAHV
6,56,2,LAHV,2,LAHV
6,57,2,LAHV,2,LAHV
6,58,2,LAHV,1,HALV
6,59,2,LAHV,2,LAHV
6,60,2,LAHV,2,LAHV
7,1,2,LAHV,1,HALV
7,2,2,LAHV,1,HALV
7,3,2,LAHV,3,LALV
7,4,2,LAHV,3,LALV
7,5,2,LAHV,0,HAHV
7,6,2,LAHV,3,LALV
7,7,2,LAHV,1,HALV
7,8,2,LAHV,2,LAHV
7,9,2,LAHV,3,LALV
7,10,2,LAHV,2,LAHV
7,11,2,LAHV,2,LAHV
7,12,2,LAHV,2,LAHV
7,13,2,LAHV,2,LAHV
7,14,2,LAHV,2,LAHV
7,15,2,LAHV,1,HALV
7,16,2,LAHV,2,LAHV
7,17,2,LAHV,2,LAHV
7,18,2,LAHV,2,LAHV
7,19,2,LAHV,2,LAHV
7,20,2,LAHV,2,LAHV
7,21,2,LAHV,2,LAHV
7,22,2,LAHV,2,LAHV
7,23,2,LAHV,2,LAHV
7,24,2,LAHV,2,LAHV
7,25,2,LAHV,2,LAHV
7,26,2,LAHV,1,HALV
7,27,2,LAHV,2,LAHV
7,28,2,LAHV,1,HALV
7,29,2,LAHV,2,LAHV
7,30,2,LAHV,2,LAHV
7,31,2,LAHV,2,LAHV
7,32,2,LAHV,2,LAHV
7,33,2,LAHV,2,LAHV
7,34,2,LAHV,2,LAHV
7,35,2,LAHV,3,LALV
7,36,2,LAHV,2,LAHV
7,37,2,LAHV,2,LAHV
7,38,2,LAHV,2,LAHV
7,39,2,LAHV,2,LAHV
7,40,2,LAHV,2,LAHV
7,41,2,LAHV,2,LAHV
7,42,2,LAHV,2,LAHV
7,43,2,LAHV,2,LAHV
7,44,2,LAHV,2,LAHV
7,45,2,LAHV,2,LAHV
7,46,2,LAHV,2,LAHV
7,47,2,LAHV,2,LAHV
7,48,2,LAHV,2,LAHV
7,49,2,LAHV,2,LAHV
7,50,2,LAHV,2,LAHV
7,51,2,LAHV,2,LAHV
7,52,2,LAHV,2,LAHV
7,53,2,LAHV,1,HALV
7,54,2,LAHV,2,LAHV
7,55,2,LAHV,2,LAHV
7,56,2,LAHV,2,LAHV
7,57,2,LAHV,2,LAHV
7,58,2,LAHV,1,HALV
7,59,2,LAHV,2,LAHV
7,60,2,LAHV,2,LAHV
7,61,2,LAHV,2,LAHV
7,62,2,LAHV,2,LAHV
7,63,2,LAHV,2,LAHV
7,64,2,LAHV,2,LAHV
7,65,2,LAHV,1,HALV
7,66,2,LAHV,1,HALV
7,67,2,LAHV,2,LAHV
7,68,2,LAHV,2,LAHV
7,69,2,LAHV,2,LAHV
7,70,2,LAHV,1,HALV
7,71,2,LAHV,2,LAHV
7,72,2,LAHV,2,LAHV
7,73,2,LAHV,2,LAHV
7,74,2,LAHV,1,HALV
7,75,2,LAHV,2,LAHV
7,76,2,LAHV,2,LAHV
7,77,2,LAHV,3,LALV
7,78,2,LAHV,2,LAHV
7,79,2,LAHV,2,LAHV
7,80,2,LAHV,2,LAHV
7,81,2,LAHV,2,LAHV
7,82,2,LAHV,2,LAHV
7,83,2,LAHV,2,LAHV
7,84,2,LAHV,2,LAHV
7,85,2,LAHV,2,LAHV
7,86,2,LAHV,2,LAHV
7,87,2,LAHV,2,LAHV
7,88,2,LAHV,2,LAHV
7,89,2,LAHV,2,LAHV
7,90,2,LAHV,2,LAHV
7,91,2,LAHV,2,LAHV
7,92,2,LAHV,2,LAHV
7,93,2,LAHV,2,LAHV
7,94,2,LAHV,2,LAHV
7,95,2,LAHV,2,LAHV
7,96,2,LAHV,2,LAHV
7,97,2,LAHV,2,LAHV
7,98,2,LAHV,2,LAHV
7,99,2,LAHV,2,LAHV
7,100,2,LAHV,2,LAHV
7,101,2,LAHV,2,LAHV
7,102,2,LAHV,2,LAHV
7,103,2,LAHV,2,LAHV
7,104,2,LAHV,2,LAHV
7,105,2,LAHV,2,LAHV
7,106,2,LAHV,2,LAHV
8,1,0,HAHV,1,HALV
8,2,0,HAHV,2,LAHV
8,3,0,HAHV,2,LAHV
8,4,0,HAHV,2,LAHV
8,5,0,HAHV,2,LAHV
8,6,0,HAHV,2,LAHV
8,7,0,HAHV,2,LAHV
8,8,0,HAHV,2,LAHV
8,9,0,HAHV,2,LAHV
8,10,0,HAHV,2,LAHV
8,11,0,HAHV,2,LAHV
8,12,0,HAHV,2,LAHV
8,13,0,HAHV,2,LAHV
8,14,0,HAHV,1,HALV
8,15,0,HAHV,1,HALV
8,16,0,HAHV,2,LAHV
8,17,0,HAHV,2,LAHV
8,18,0,HAHV,2,LAHV
8,19,0,HAHV,0,HAHV
8,20,0,HAHV,2,LAHV
8,21,0,HAHV,2,LAHV
8,22,0,HAHV,3,LALV
8,23,0,HAHV,2,LAHV
8,24,0,HAHV,2,LAHV
8,25,0,HAHV,2,LAHV
8,26,0,HAHV,2,LAHV
8,27,0,HAHV,0,HAHV
8,28,0,HAHV,0,HAHV
8,29,0,HAHV,2,LAHV
8,30,0,HAHV,2,LAHV
8,31,0,HAHV,0,HAHV
8,32,0,HAHV,1,HALV
8,33,0,HAHV,2,LAHV
8,34,0,HAHV,2,LAHV
8,35,0,HAHV,1,HALV
8,36,0,HAHV,1,HALV
8,37,0,HAHV,1,HALV
8,38,0,HAHV,3,LALV
8,39,0,HAHV,2,LAHV
8,40,0,HAHV,2,LAHV
8,41,0,HAHV,0,HAHV
8,42,0,HAHV,2,LAHV
8,43,0,HAHV,2,LAHV
8,44,0,HAHV,2,LAHV
8,45,0,HAHV,2,LAHV
8,46,0,HAHV,0,HAHV
8,47,0,HAHV,2,LAHV
8,48,0,HAHV,2,LAHV
8,49,0,HAHV,3,LALV
8,50,0,HAHV,0,HAHV
8,51,0,HAHV,2,LAHV
8,52,0,HAHV,3,LALV
8,53,0,HAHV,3,LALV
8,54,0,HAHV,2,LAHV
8,55,0,HAHV,0,HAHV
8,56,0,HAHV,2,LAHV
8,57,0,HAHV,2,LAHV
8,58,0,HAHV,1,HALV
8,59,0,HAHV,2,LAHV
8,60,0,HAHV,2,LAHV
8,61,0,HAHV,2,LAHV
8,62,0,HAHV,1,HALV
8,63,0,HAHV,2,LAHV
8,64,0,HAHV,0,HAHV
8,65,0,HAHV,2,LAHV
8,66,0,HAHV,2,LAHV
8,67,0,HAHV,2,LAHV
8,68,0,HAHV,2,LAHV
8,69,0,HAHV,2,LAHV
8,70,0,HAHV,2,LAHV
9,1,3,LALV,1,HALV
9,2,3,LALV,1,HALV
9,3,3,LALV,1,HALV
9,4,3,LALV,2,LAHV
9,5,3,LALV,1,HALV
9,6,3,LALV,1,HALV
9,7,3,LALV,1,HALV
9,8,3,LALV,1,HALV
9,9,3,LALV,1,HALV
9,10,3,LALV,2,LAHV
9,11,3,LALV,2,LAHV
9,12,3,LALV,1,HALV
9,13,3,LALV,2,LAHV
9,14,3,LALV,2,LAHV
9,15,3,LALV,2,LAHV
9,16,3,LALV,1,HALV
9,17,3,LALV,1,HALV
9,18,3,LALV,1,HALV
9,19,3,LALV,1,HALV
9,20,3,LALV,1,HALV
9,21,3,LALV,2,LAHV
9,22,3,LALV,2,LAHV
9,23,3,LALV,2,LAHV
9,24,3,LALV,2,LAHV
9,25,3,LALV,1,HALV
9,26,3,LALV,1,HALV
9,27,3,LALV,1,HALV
9,28,3,LALV,1,HALV
9,29,3,LALV,1,HALV
9,30,3,LALV,1,HALV
9,31,3,LALV,1,HALV
9,32,3,LALV,1,HALV
9,33,3,LALV,1,HALV
9,34,3,LALV,0,HAHV
9,35,3,LALV,2,LAHV
9,36,3,LALV,1,HALV
9,37,3,LALV,2,LAHV
9,38,3,LALV,2,LAHV
9,39,3,LALV,1,HALV
9,40,3,LALV,2,LAHV
9,41,3,LALV,1,HALV
9,42,3,LALV,2,LAHV
9,43,3,LALV,1,HALV
9,44,3,LALV,1,HALV
9,45,3,LALV,1,HALV
9,46,3,LALV,1,HALV
9,47,3,LALV,1,HALV
9,48,3,LALV,1,HALV
9,49,3,LALV,1,HALV
9,50,3,LALV,2,LAHV
9,51,3,LALV,2,LAHV
9,52,3,LALV,2,LAHV
9,53,3,LALV,1,HALV
9,54,3,LALV,2,LAHV
9,55,3,LALV,2,LAHV
9,56,3,LALV,2,LAHV
9,57,3,LALV,2,LAHV
9,58,3,LALV,1,HALV
9,59,3,LALV,2,LAHV
9,60,3,LALV,2,LAHV
9,61,3,LALV,2,LAHV
9,62,3,LALV,1,HALV
9,63,3,LALV,2,LAHV
9,64,3,LALV,1,HALV
9,65,3,LALV,2,LAHV
9,66,3,LALV,1,HALV
9,67,3,LALV,2,LAHV
9,68,3,LALV,1,HALV
9,69,3,LALV,2,LAHV
9,70,3,LALV,1,HALV
9,71,3,LALV,1,HALV
9,72,3,LALV,1,HALV
9,73,3,LALV,2,LAHV
9,74,3,LALV,2,LAHV
9,75,3,LALV,1,HALV
9,76,3,LALV,2,LAHV
9,77,3,LALV,2,LAHV
9,78,3,LALV,1,HALV
9,79,3,LALV,1,HALV
9,80,3,LALV,2,LAHV
9,81,3,LALV,1,HALV
9,82,3,LALV,2,LAHV
9,83,3,LALV,1,HALV
9,84,3,LALV,1,HALV
9,85,3,LALV,2,LAHV
9,86,3,LALV,1,HALV
9,87,3,LALV,1,HALV
9,88,3,LALV,1,HALV
9,89,3,LALV,1,HALV
9,90,3,LALV,2,LAHV
9,91,3,LALV,1,HALV
9,92,3,LALV,2,LAHV
9,93,3,LALV,2,LAHV
9,94,3,LALV,1,HALV
9,95,3,LALV,2,LAHV
9,96,3,LALV,1,HALV
9,97,3,LALV,2,LAHV
9,98,3,LALV,2,LAHV
9,99,3,LALV,2,LAHV
9,100,3,LALV,2,LAHV
9,101,3,LALV,1,HALV
9,102,3,LALV,2,LAHV
9,103,3,LALV,2,LAHV
9,104,3,LALV,2,LAHV
9,105,3,LALV,2,LAHV
9,106,3,LALV,2,LAHV
9,107,3,LALV,2,LAHV
9,108,3,LALV,2,LAHV
9,109,3,LALV,2,LAHV
9,110,3,LALV,2,LAHV
9,111,3,LALV,2,LAHV
9,112,3,LALV,2,LAHV
9,113,3,LALV,0,HAHV
9,114,3,LALV,2,LAHV
9,115,3,LALV,1,HALV
9,116,3,LALV,2,LAHV
9,117,3,LALV,2,LAHV
9,118,3,LALV,2,LAHV
9,119,3,LALV,2,LAHV
9,120,3,LALV,1,HALV
9,121,3,LALV,2,LAHV
9,122,3,LALV,2,LAHV
9,123,3,LALV,2,LAHV
9,124,3,LALV,2,LAHV
9,125,3,LALV,1,HALV
9,126,3,LALV,2,LAHV
9,127,3,LALV,2,LAHV
9,128,3,LALV,1,HALV
9,129,3,LALV,2,LAHV
9,130,3,LALV,0,HAHV
9,131,3,LALV,1,HALV
9,132,3,LALV,1,HALV
9,133,3,LALV,1,HALV
9,134,3,LALV,1,HALV
9,135,3,LALV,1,HALV
9,136,3,LALV,1,HALV
9,137,3,LALV,0,HAHV
9,138,3,LALV,1,HALV
9,139,3,LALV,1,HALV
9,140,3,LALV,1,HALV
9,141,3,LALV,2,LAHV
9,142,3,LALV,1,HALV
9,143,3,LALV,2,LAHV
9,144,3,LALV,2,LAHV
9,145,3,LALV,2,LAHV
9,146,3,LALV,1,HALV
9,147,3,LALV,1,HALV
9,148,3,LALV,1,HALV
9,149,3,LALV,2,LAHV
9,150,3,LALV,2,LAHV
10,1,2,LAHV,1,HALV
10,2,2,LAHV,1,HALV
10,3,2,LAHV,1,HALV
10,4,2,LAHV,1,HALV
10,5,2,LAHV,1,HALV
10,6,2,LAHV,1,HALV
10,7,2,LAHV,1,HALV
10,8,2,LAHV,1,HALV
10,9,2,LAHV,1,HALV
10,10,2,LAHV,1,HALV
10,11,2,LAHV,1,HALV
10,12,2,LAHV,1,HALV
10,13,2,LAHV,1,HALV
10,14,2,LAHV,1,HALV
10,15,2,LAHV,1,HALV
10,16,2,LAHV,1,HALV
10,17,2,LAHV,1,HALV
10,18,2,LAHV,2,LAHV
10,19,2,LAHV,2,LAHV
10,20,2,LAHV,1,HALV
10,21,2,LAHV,1,HALV
10,22,2,LAHV,1,HALV
10,23,2,LAHV,1,HALV
10,24,2,LAHV,1,HALV
10,25,2,LAHV,1,HALV
10,26,2,LAHV,1,HALV
10,27,2,LAHV,1,HALV
10,28,2,LAHV,1,HALV
10,29,2,LAHV,1,HALV
10,30,2,LAHV,2,LAHV
10,31,2,LAHV,1,HALV
10,32,2,LAHV,1,HALV
10,33,2,LAHV,2,LAHV
10,34,2,LAHV,1,HALV
10,35,2,LAHV,1,HALV
10,36,2,LAHV,1,HALV
10,37,2,LAHV,1,HALV
10,38,2,LAHV,1,HALV
10,39,2,LAHV,1,HALV
10,40,2,LAHV,1,HALV
10,41,2,LAHV,1,HALV
10,42,2,LAHV,1,HALV
10,43,2,LAHV,1,HALV
10,44,2,LAHV,1,HALV
10,45,2,LAHV,1,HALV
10,46,2,LAHV,1,HALV
10,47,2,LAHV,1,HALV
10,48,2,LAHV,1,HALV
10,49,2,LAHV,1,HALV
10,50,2,LAHV,1,HALV
10,51,2,LAHV,1,HALV
10,52,2,LAHV,1,HALV
10,53,2,LAHV,1,HALV
10,54,2,LAHV,1,HALV
10,55,2,LAHV,1,HALV
10,56,2,LAHV,1,HALV
10,57,2,LAHV,1,HALV
10,58,2,LAHV,1,HALV
10,59,2,LAHV,1,HALV
10,60,2,LAHV,1,HALV
11,1,2,LAHV,1,HALV
11,2,2,LAHV,1,HALV
11,3,2,LAHV,1,HALV
11,4,2,LAHV,1,HALV
11,5,2,LAHV,1,HALV
11,6,2,LAHV,1,HALV
11,7,2,LAHV,2,LAHV
11,8,2,LAHV,2,LAHV
11,9,2,LAHV,1,HALV
11,10,2,LAHV,1,HALV
11,11,2,LAHV,1,HALV
11,12,2,LAHV,2,LAHV
11,13,2,LAHV,3,LALV
11,14,2,LAHV,1,HALV
11,15,2,LAHV,2,LAHV
11,16,2,LAHV,1,HALV
11,17,2,LAHV,2,LAHV
11,18,2,LAHV,1,HALV
11,19,2,LAHV,1,HALV
11,20,2,LAHV,2,LAHV
11,21,2,LAHV,1,HALV
11,22,2,LAHV,2,LAHV
11,23,2,LAHV,1,HALV
11,24,2,LAHV,1,HALV
11,25,2,LAHV,1,HALV
11,26,2,LAHV,1,HALV
11,27,2,LAHV,2,LAHV
11,28,2,LAHV,2,LAHV
11,29,2,LAHV,2,LAHV
11,30,2,LAHV,2,LAHV
11,31,2,LAHV,2,LAHV
11,32,2,LAHV,1,HALV
11,33,2,LAHV,1,HALV
11,34,2,LAHV,2,LAHV
11,35,2,LAHV,2,LAHV
11,36,2,LAHV,2,LAHV
11,37,2,LAHV,2,LAHV
11,38,2,LAHV,2,LAHV
11,39,2,LAHV,1,HALV
11,40,2,LAHV,2,LAHV
11,41,2,LAHV,2,LAHV
11,42,2,LAHV,2,LAHV
11,43,2,LAHV,2,LAHV
11,44,2,LAHV,2,LAHV
11,45,2,LAHV,2,LAHV
11,46,2,LAHV,2,LAHV
11,47,2,LAHV,1,HALV
11,48,2,LAHV,1,HALV
11,49,2,LAHV,1,HALV
11,50,2,LAHV,1,HALV
11,51,2,LAHV,1,HALV
11,52,2,LAHV,1,HALV
11,53,2,LAHV,1,HALV
11,54,2,LAHV,2,LAHV
11,55,2,LAHV,1,HALV
11,56,2,LAHV,1,HALV
11,57,2,LAHV,2,LAHV
11,58,2,LAHV,2,LAHV
11,59,2,LAHV,1,HALV
11,60,2,LAHV,1,HALV
11,61,2,LAHV,1,HALV
11,62,2,LAHV,1,HALV
12,1,1,HALV,2,LAHV
12,2,1,HALV,2,LAHV
12,3,1,HALV,2,LAHV
12,4,1,HALV,2,LAHV
12,5,1,HALV,1,HALV
12,6,1,HALV,1,HALV
12,7,1,HALV,1,HALV
12,8,1,HALV,1,HALV
12,9,1,HALV,3,LALV
12,10,1,HALV,1,HALV
12,11,1,HALV,1,HALV
12,12,1,HALV,1,HALV
12,13,1,HALV,1,HALV
12,14,1,HALV,1,HALV
12,15,1,HALV,1,HALV
12,16,1,HALV,1,HALV
12,17,1,HALV,3,LALV
12,18,1,HALV,1,HALV
12,19,1,HALV,1,HALV
12,20,1,HALV,3,LALV
12,21,1,HALV,1,HALV
12,22,1,HALV,3,LALV
12,23,1,HALV,1,HALV
12,24,1,HALV,1,HALV
12,25,1,HALV,1,HALV
12,26,1,HALV,3,LALV
12,27,1,HALV,1,HALV
12,28,1,HALV,1,HALV
12,29,1,HALV,3,LALV
12,30,1,HALV,1,HALV
12,31,1,HALV,1,HALV
12,32,1,HALV,1,HALV
12,33,1,HALV,2,LAHV
12,34,1,HALV,2,LAHV
12,35,1,HALV,2,LAHV
12,36,1,HALV,1,HALV
12,37,1,HALV,2,LAHV
12,38,1,HALV,2,LAHV
12,39,1,HALV,1,HALV
12,40,1,HALV,1,HALV
12,41,1,HALV,1,HALV
12,42,1,HALV,1,HALV
12,43,1,HALV,1,HALV
12,44,1,HALV,1,HALV
12,45,1,HALV,1,HALV
12,46,1,HALV,2,LAHV
12,47,1,HALV,1,HALV
12,48,1,HALV,1,HALV
12,49,1,HALV,1,HALV
12,50,1,HALV,1,HALV
12,51,1,HALV,1,HALV
12,52,1,HALV,0,HAHV
12,53,1,HALV,2,LAHV
12,54,1,HALV,1,HALV
12,55,1,HALV,2,LAHV
12,56,1,HALV,1,HALV
12,57,1,HALV,1,HALV
12,58,1,HALV,2,LAHV
12,59,1,HALV,1,HALV
12,60,1,HALV,2,LAHV
12,61,1,HALV,2,LAHV
12,62,1,HALV,2,LAHV
12,63,1,HALV,2,LAHV
12,64,1,HALV,1,HALV
12,65,1,HALV,2,LAHV
12,66,1,HALV,2,LAHV
12,67,1,HALV,3,LALV
12,68,1,HALV,1,HALV
12,69,1,HALV,1,HALV
12,70,1,HALV,2,LAHV
12,71,1,HALV,1,HALV
12,72,1,HALV,1,HALV
12,73,1,HALV,1,HALV
12,74,1,HALV,1,HALV
12,75,1,HALV,1,HALV
12,76,1,HALV,1,HALV
12,77,1,HALV,1,HALV
12,78,1,HALV,1,HALV
12,79,1,HALV,3,LALV
12,80,1,HALV,1,HALV
12,81,1,HALV,3,LALV
12,82,1,HALV,2,LAHV
12,83,1,HALV,1,HALV
12,84,1,HALV,2,LAHV
12,85,1,HALV,1,HALV
13,1,0,HAHV,1,HALV
13,2,0,HAHV,1,HALV
13,3,0,HAHV,1,HALV
13,4,0,HAHV,1,HALV
13,5,0,HAHV,0,HAHV
13,6,0,HAHV,0,HAHV
13,7,0,HAHV,1,HALV
13,8,0,HAHV,1,HALV
13,9,0,HAHV,1,HALV
13,10,0,HAHV,1,HALV
13,11,0,HAHV,1,HALV
13,12,0,HAHV,1,HALV
13,13,0,HAHV,3,LALV
13,14,0,HAHV,3,LALV
13,15,0,HAHV,1,HALV
13,16,0,HAHV,1,HALV
13,17,0,HAHV,0,HAHV
13,18,0,HAHV,1,HALV
13,19,0,HAHV,1,HALV
13,20,0,HAHV,1,HALV
13,21,0,HAHV,3,LALV
13,22,0,HAHV,0,HAHV
13,23,0,HAHV,1,HALV
13,24,0,HAHV,1,HALV
13,25,0,HAHV,1,HALV
13,26,0,HAHV,1,HALV
13,27,0,HAHV,1,HALV
13,28,0,HAHV,1,HALV
13,29,0,HAHV,1,HALV
13,30,0,HAHV,0,HAHV
13,31,0,HAHV,0,HAHV
13,32,0,HAHV,0,HAHV
13,33,0,HAHV,1,HALV
13,34,0,HAHV,1,HALV
13,35,0,HAHV,1,HALV
13,36,0,HAHV,1,HALV
13,37,0,HAHV,1,HALV
13,38,0,HAHV,3,LALV
13,39,0,HAHV,1,HALV
13,40,0,HAHV,1,HALV
13,41,0,HAHV,1,HALV
13,42,0,HAHV,1,HALV
13,43,0,HAHV,1,HALV
13,44,0,HAHV,1,HALV
13,45,0,HAHV,1,HALV
13,46,0,HAHV,0,HAHV
13,47,0,HAHV,0,HAHV
13,48,0,HAHV,0,HAHV
13,49,0,HAHV,0,HAHV
13,50,0,HAHV,0,HAHV
13,51,0,HAHV,0,HAHV
13,52,0,HAHV,1,HALV
13,53,0,HAHV,0,HAHV
13,54,0,HAHV,0,HAHV
13,55,0,HAHV,0,HAHV
13,56,0,HAHV,3,LALV
13,57,0,HAHV,0,HAHV
13,58,0,HAHV,1,HALV
13,59,0,HAHV,0,HAHV
13,60,0,HAHV,1,HALV
13,61,0,HAHV,0,HAHV
13,62,0,HAHV,0,HAHV
13,63,0,HAHV,0,HAHV
13,64,0,HAHV,1,HALV
13,65,0,HAHV,0,HAHV
13,66,0,HAHV,1,HALV
13,67,0,HAHV,1,HALV
13,68,0,HAHV,0,HAHV
13,69,0,HAHV,1,HALV
13,70,0,HAHV,1,HALV
13,71,0,HAHV,0,HAHV
13,72,0,HAHV,0,HAHV
13,73,0,HAHV,0,HAHV
13,74,0,HAHV,0,HAHV
13,75,0,HAHV,1,HALV
13,76,0,HAHV,1,HALV
13,77,0,HAHV,0,HAHV
13,78,0,HAHV,1,HALV
13,79,0,HAHV,0,HAHV
13,80,0,HAHV,0,HAHV
13,81,0,HAHV,1,HALV
13,82,0,HAHV,1,HALV
13,83,0,HAHV,1,HALV
13,84,0,HAHV,0,HAHV
13,85,0,HAHV,0,HAHV
13,86,0,HAHV,1,HALV
13,87,0,HAHV,1,HALV
13,88,0,HAHV,1,HALV
13,89,0,HAHV,1,HALV
13,90,0,HAHV,0,HAHV
13,91,0,HAHV,0,HAHV
13,92,0,HAHV,0,HAHV
13,93,0,HAHV,0,HAHV
13,94,0,HAHV,0,HAHV
13,95,0,HAHV,0,HAHV
13,96,0,HAHV,0,HAHV
13,97,0,HAHV,1,HALV
13,98,0,HAHV,1,HALV
13,99,0,HAHV,0,HAHV
13,100,0,HAHV,1,HALV
13,101,0,HAHV,0,HAHV
13,102,0,HAHV,0,HAHV
13,103,0,HAHV,0,HAHV
13,104,0,HAHV,0,HAHV
13,105,0,HAHV,1,HALV
13,106,0,HAHV,1,HALV
13,107,0,HAHV,0,HAHV
14,1,0,HAHV,1,HALV
14,2,0,HAHV,1,HALV
14,3,0,HAHV,1,HALV
14,4,0,HAHV,3,LALV
14,5,0,HAHV,1,HALV
14,6,0,HAHV,0,HAHV
14,7,0,HAHV,1,HALV
14,8,0,HAHV,1,HALV
14,9,0,HAHV,1,HALV
14,10,0,HAHV,3,LALV
14,11,0,HAHV,1,HALV
14,12,0,HAHV,1,HALV
14,13,0,HAHV,1,HALV
14,14,0,HAHV,0,HAHV
14,15,0,HAHV,0,HAHV
14,16,0,HAHV,0,HAHV
14,17,0,HAHV,0,HAHV
14,18,0,HAHV,0,HAHV
14,19,0,HAHV,0,HAHV
14,20,0,HAHV,1,HALV
14,21,0,HAHV,1,HALV
14,22,0,HAHV,0,HAHV
14,23,0,HAHV,0,HAHV
14,24,0,HAHV,0,HAHV
14,25,0,HAHV,0,HAHV
14,26,0,HAHV,0,HAHV
14,27,0,HAHV,0,HAHV
14,28,0,HAHV,0,HAHV
14,29,0,HAHV,0,HAHV
14,30,0,HAHV,0,HAHV
14,31,0,HAHV,0,HAHV
14,32,0,HAHV,0,HAHV
14,33,0,HAHV,0,HAHV
14,34,0,HAHV,0,HAHV
14,35,0,HAHV,0,HAHV
14,36,0,HAHV,0,HAHV
14,37,0,HAHV,0,HAHV
14,38,0,HAHV,0,HAHV
14,39,0,HAHV,0,HAHV
14,40,0,HAHV,1,HALV
14,41,0,HAHV,0,HAHV
14,42,0,HAHV,0,HAHV
14,43,0,HAHV,0,HAHV
14,44,0,HAHV,1,HALV
14,45,0,HAHV,0,HAHV
14,46,0,HAHV,1,HALV
14,47,0,HAHV,0,HAHV
14,48,0,HAHV,0,HAHV
14,49,0,HAHV,0,HAHV
14,50,0,HAHV,1,HALV
14,51,0,HAHV,0,HAHV
14,52,0,HAHV,0,HAHV
14,53,0,HAHV,0,HAHV
14,54,0,HAHV,1,HALV
14,55,0,HAHV,1,HALV
14,56,0,HAHV,0,HAHV
14,57,0,HAHV,0,HAHV
14,58,0,HAHV,0,HAHV
15,1,1,HALV,3,LALV
15,2,1,HALV,1,HALV
15,3,1,HALV,1,HALV
15,4,1,HALV,2,LAHV
15,5,1,HALV,2,LAHV
15,6,1,HALV,2,LAHV
15,7,1,HALV,3,LALV
15,8,1,HALV,1,HALV
15,9,1,HALV,2,LAHV
15,10,1,HALV,1,HALV
15,11,1,HALV,1,HALV
15,12,1,HALV,1,HALV
15,13,1,HALV,2,LAHV
15,14,1,HALV,1,HALV
15,15,1,HALV,3,LALV
15,16,1,HALV,3,LALV
15,17,1,HALV,1,HALV
15,18,1,HALV,1,HALV
15,19,1,HALV,1,HALV
15,20,1,HALV,3,LALV
15,21,1,HALV,1,HALV
15,22,1,HALV,1,HALV
15,23,1,HALV,2,LAHV
15,24,1,HALV,1,HALV
15,25,1,HALV,3,LALV
15,26,1,HALV,3,LALV
15,27,1,HALV,1,HALV
15,28,1,HALV,1,HALV
15,29,1,HALV,1,HALV
15,30,1,HALV,2,LAHV
15,31,1,HALV,1,HALV
15,32,1,HALV,1,HALV
15,33,1,HALV,1,HALV
15,34,1,HALV,3,LALV
15,35,1,HALV,3,LALV
15,36,1,HALV,0,HAHV
15,37,1,HALV,0,HAHV
15,38,1,HALV,3,LALV
15,39,1,HALV,1,HALV
15,40,1,HALV,2,LAHV
15,41,1,HALV,2,LAHV
15,42,1,HALV,2,LAHV
15,43,1,HALV,2,LAHV
15,44,1,HALV,2,LAHV
15,45,1,HALV,1,HALV
15,46,1,HALV,1,HALV
15,47,1,HALV,1,HALV
15,48,1,HALV,1,HALV
15,49,1,HALV,1,HALV
15,50,1,HALV,1,HALV
15,51,1,HALV,1,HALV
15,52,1,HALV,3,LALV
15,53,1,HALV,1,HALV
15,54,1,HALV,1,HALV
15,55,1,HALV,2,LAHV
15,56,1,HALV,3,LALV
15,57,1,HALV,1,HALV
15,58,1,HALV,1,HALV
15,59,1,HALV,3,LALV
15,60,1,HALV,3,LALV
15,61,1,HALV,0,HAHV
15,62,1,HALV,0,HAHV
15,63,1,HALV,0,HAHV
15,64,1,HALV,0,HAHV
15,65,1,HALV,0,HAHV
15,66,1,HALV,0,HAHV
15,67,1,HALV,0,HAHV
15,68,1,HALV,0,HAHV
15,69,1,HALV,0,HAHV
15,70,1,HALV,0,HAHV
15,71,1,HALV,1,HALV
15,72,1,HALV,3,LALV
15,73,1,HALV,0,HAHV
15,74,1,HALV,1,HALV
15,75,1,HALV,1,HALV
15,76,1,HALV,1,HALV
15,77,1,HALV,1,HALV
15,78,1,HALV,1,HALV
15,79,1,HALV,1,HALV
15,80,1,HALV,1,HALV
15,81,1,HALV,1,HALV
15,82,1,HALV,1,HALV
15,83,1,HALV,1,HALV
15,84,1,HALV,1,HALV
15,85,1,HALV,1,HALV
15,86,1,HALV,0,HAHV
15,87,1,HALV,1,HALV
15,88,1,HALV,1,HALV
15,89,1,HALV,0,HAHV
15,90,1,HALV,0,HAHV
15,91,1,HALV,0,HAHV
15,92,1,HALV,1,HALV
15,93,1,HALV,1,HALV
15,94,1,HALV,1,HALV
15,95,1,HALV,1,HALV
15,96,1,HALV,2,LAHV
16,1,1,HALV,2,LAHV
16,2,1,HALV,2,LAHV
16,3,1,HALV,2,LAHV
16,4,1,HALV,2,LAHV
16,5,1,HALV,2,LAHV
16,6,1,HALV,1,HALV
16,7,1,HALV,2,LAHV
16,8,1,HALV,2,LAHV
16,9,1,HALV,2,LAHV
16,10,1,HALV,2,LAHV
16,11,1,HALV,1,HALV
16,12,1,HALV,2,LAHV
16,13,1,HALV,1,HALV
16,14,1,HALV,1,HALV
16,15,1,HALV,1,HALV
16,16,1,HALV,1,HALV
16,17,1,HALV,2,LAHV
16,18,1,HALV,2,LAHV
16,19,1,HALV,2,LAHV
16,20,1,HALV,2,LAHV
16,21,1,HALV,2,LAHV
16,22,1,HALV,2,LAHV
16,23,1,HALV,2,LAHV
16,24,1,HALV,2,LAHV
16,25,1,HALV,1,HALV
16,26,1,HALV,1,HALV
16,27,1,HALV,1,HALV
16,28,1,HALV,2,LAHV
16,29,1,HALV,2,LAHV
16,30,1,HALV,2,LAHV
16,31,1,HALV,2,LAHV
16,32,1,HALV,2,LAHV
16,33,1,HALV,2,LAHV
16,34,1,HALV,1,HALV
16,35,1,HALV,2,LAHV
16,36,1,HALV,1,HALV
16,37,1,HALV,2,LAHV
16,38,1,HALV,2,LAHV
16,39,1,HALV,2,LAHV
16,40,1,HALV,2,LAHV
16,41,1,HALV,2,LAHV
16,42,1,HALV,2,LAHV
16,43,1,HALV,2,LAHV
16,44,1,HALV,2,LAHV
16,45,1,HALV,2,LAHV
16,46,1,HALV,1,HALV
16,47,1,HALV,1,HALV
16,48,1,HALV,1,HALV
16,49,1,HALV,2,LAHV
16,50,1,HALV,1,HALV
16,51,1,HALV,2,LAHV
16,52,1,HALV,2,LAHV
16,53,1,HALV,1,HALV
16,54,1,HALV,2,LAHV
16,55,1,HALV,2,LAHV
16,56,1,HALV,2,LAHV
16,57,1,HALV,2,LAHV
16,58,1,HALV,2,LAHV
16,59,1,HALV,1,HALV
16,60,1,HALV,2,LAHV
16,61,1,HALV,2,LAHV
16,62,1,HALV,2,LAHV
16,63,1,HALV,1,HALV
16,64,1,HALV,2,LAHV
16,65,1,HALV,2,LAHV
16,66,1,HALV,2,LAHV
16,67,1,HALV,2,LAHV
16,68,1,HALV,1,HALV
16,69,1,HALV,1,HALV
16,70,1,HALV,1,HALV
